[
{
  "model": "core.discipline",
  "pk": 1,
  "fields": {
    "name": "Dota 2",
    "slug": "dota2",
    "icon": "disciplines/dota.png",
    "description": "Основной состав по Dota 2 — чемпионы The International 2021",
    "is_active": true
  }
},
{
  "model": "core.discipline",
  "pk": 2,
  "fields": {
    "name": "Counter-Strike 2",
    "slug": "cs2",
    "icon": "disciplines/counter-strike.png",
    "description": "Состав по Counter-Strike 2",
    "is_active": true
  }
},
{
  "model": "core.discipline",
  "pk": 4,
  "fields": {
    "name": "CS Academy",
    "slug": "cs-academy",
    "icon": "disciplines/cs-academy.png",
    "description": "",
    "is_active": true
  }
},
{
  "model": "core.discipline",
  "pk": 5,
  "fields": {
    "name": "Mobile Legend:BB",
    "slug": "mobile-legendbb",
    "icon": "disciplines/league-of-legends.png",
    "description": "",
    "is_active": true
  }
},
{
  "model": "core.discipline",
  "pk": 6,
  "fields": {
    "name": "Chess",
    "slug": "chess",
    "icon": "disciplines/chess-svgrepo-com.png",
    "description": "",
    "is_active": true
  }
},
{
  "model": "core.discipline",
  "pk": 7,
  "fields": {
    "name": "Team Spirit Family",
    "slug": "team-spirit-family",
    "icon": "disciplines/tsfam.png",
    "description": "",
    "is_active": true
  }
},
{
  "model": "core.role",
  "pk": 1,
  "fields": {
    "name": "Carry",
    "slug": "carry",
    "description": "",
    "order": 0
  }
},
{
  "model": "core.role",
  "pk": 2,
  "fields": {
    "name": "Mid",
    "slug": "mid",
    "description": "",
    "order": 0
  }
},
{
  "model": "core.role",
  "pk": 3,
  "fields": {
    "name": "Offlane",
    "slug": "offlane",
    "description": "",
    "order": 0
  }
},
{
  "model": "core.role",
  "pk": 4,
  "fields": {
    "name": "Support",
    "slug": "support",
    "description": "",
    "order": 0
  }
},
{
  "model": "core.role",
  "pk": 5,
  "fields": {
    "name": "Главный тренер",
    "slug": "glavnyj-trener",
    "description": "",
    "order": 0
  }
},
{
  "model": "core.role",
  "pk": 6,
  "fields": {
    "name": "Менеджер",
    "slug": "menedzher",
    "description": "",
    "order": 0
  }
},
{
  "model": "core.role",
  "pk": 7,
  "fields": {
    "name": "Аналитик",
    "slug": "analitik",
    "description": "",
    "order": 0
  }
},
{
  "model": "core.role",
  "pk": 8,
  "fields": {
    "name": "Benched",
    "slug": "benched",
    "description": "",
    "order": 0
  }
},
{
  "model": "core.role",
  "pk": 9,
  "fields": {
    "name": "Rifler",
    "slug": "rifler",
    "description": "",
    "order": 0
  }
},
{
  "model": "core.role",
  "pk": 10,
  "fields": {
    "name": "IGL",
    "slug": "igl",
    "description": "",
    "order": 0
  }
},
{
  "model": "core.role",
  "pk": 11,
  "fields": {
    "name": "AWPer",
    "slug": "awper",
    "description": "",
    "order": 0
  }
},
{
  "model": "core.role",
  "pk": 12,
  "fields": {
    "name": "Тренер",
    "slug": "trener",
    "description": "",
    "order": 0
  }
},
{
  "model": "core.role",
  "pk": 13,
  "fields": {
    "name": "Игрок/Тренер",
    "slug": "igroktrener",
    "description": "",
    "order": 0
  }
},
{
  "model": "core.role",
  "pk": 14,
  "fields": {
    "name": "Roamer",
    "slug": "roamer",
    "description": "",
    "order": 0
  }
},
{
  "model": "core.role",
  "pk": 15,
  "fields": {
    "name": "Gold Lane",
    "slug": "gold-lane",
    "description": "",
    "order": 0
  }
},
{
  "model": "core.role",
  "pk": 16,
  "fields": {
    "name": "Middle",
    "slug": "middle",
    "description": "",
    "order": 0
  }
},
{
  "model": "core.role",
  "pk": 17,
  "fields": {
    "name": "EXP Lane",
    "slug": "exp-lane",
    "description": "",
    "order": 0
  }
},
{
  "model": "core.role",
  "pk": 18,
  "fields": {
    "name": "Гроссмейтер",
    "slug": "grossmejter",
    "description": "",
    "order": 0
  }
},
{
  "model": "core.role",
  "pk": 19,
  "fields": {
    "name": "Пукич",
    "slug": "pukich",
    "description": "",
    "order": 0
  }
},
{
  "model": "core.role",
  "pk": 20,
  "fields": {
    "name": "Стример",
    "slug": "strimer",
    "description": "",
    "order": 0
  }
},
{
  "model": "core.role",
  "pk": 21,
  "fields": {
    "name": "Хост",
    "slug": "host",
    "description": "",
    "order": 0
  }
},
{
  "model": "core.player",
  "pk": 1,
  "fields": {
    "nickname": "Yatoro",
    "first_name": "Илья",
    "last_name": "Мулярчук",
    "discipline": 1,
    "role": 1,
    "photo": "players/yatoro.webp",
    "country": "Украина",
    "birth_date": "2003-03-12",
    "join_date": "2020-12-22",
    "bio": "Родной город - Буча;\r\nЛюбимые герои:\r\n● Terrorblade\r\n● Anti-Mage\r\n● Morphling",
    "is_active": true
  }
},
{
  "model": "core.player",
  "pk": 2,
  "fields": {
    "nickname": "Lari",
    "first_name": "Денис",
    "last_name": "Сигитов",
    "discipline": 1,
    "role": 2,
    "photo": "players/larl.webp",
    "country": "Россия",
    "birth_date": "2002-01-22",
    "join_date": "2022-12-22",
    "bio": "Родной город - Москва;\r\nЛюбимые герои:\r\n● Void Spirit\r\n● Puck\r\n● Storm Spirit",
    "is_active": true
  }
},
{
  "model": "core.player",
  "pk": 3,
  "fields": {
    "nickname": "Collapse",
    "first_name": "Магомед",
    "last_name": "Халилов",
    "discipline": 1,
    "role": 3,
    "photo": "players/colapse.webp",
    "country": "Россия",
    "birth_date": "2002-02-25",
    "join_date": "2020-12-22",
    "bio": "Родной город - Махачкала;\r\nЛюбимые герои:\r\n● Mars\r\n● Magnus\r\n● Void Spirit",
    "is_active": true
  }
},
{
  "model": "core.player",
  "pk": 5,
  "fields": {
    "nickname": "Miposhka",
    "first_name": "Ярослав",
    "last_name": "Найдёнов",
    "discipline": 1,
    "role": 8,
    "photo": "players/miposhka.webp",
    "country": "Россия",
    "birth_date": "1997-11-30",
    "join_date": "2020-12-22",
    "bio": "Родной город - Златоуст;\r\n\r\nЛюбимые герои:\r\n● Ancient Apparition\r\n● Rubick\r\n● Lion",
    "is_active": true
  }
},
{
  "model": "core.player",
  "pk": 6,
  "fields": {
    "nickname": "Rue",
    "first_name": "Александр",
    "last_name": "Филин",
    "discipline": 1,
    "role": 4,
    "photo": "players/rue.webp",
    "country": "Россия",
    "birth_date": null,
    "join_date": "2021-01-01",
    "bio": "",
    "is_active": true
  }
},
{
  "model": "core.player",
  "pk": 7,
  "fields": {
    "nickname": "Panto",
    "first_name": "Никита",
    "last_name": "Балаганин",
    "discipline": 1,
    "role": 4,
    "photo": "players/panto.webp",
    "country": "Россия",
    "birth_date": null,
    "join_date": "2021-01-01",
    "bio": "",
    "is_active": true
  }
},
{
  "model": "core.player",
  "pk": 8,
  "fields": {
    "nickname": "Silent",
    "first_name": "Айрат",
    "last_name": "Газиев",
    "discipline": 1,
    "role": 5,
    "photo": "players/silent.webp",
    "country": "Россия",
    "birth_date": "1992-12-03",
    "join_date": "2020-12-22",
    "bio": "Родной город - Казань",
    "is_active": true
  }
},
{
  "model": "core.player",
  "pk": 9,
  "fields": {
    "nickname": "Korb3n",
    "first_name": "Дмитрий",
    "last_name": "Белов",
    "discipline": 1,
    "role": 6,
    "photo": "players/korb3n.webp",
    "country": "Россия",
    "birth_date": "2000-05-19",
    "join_date": "2020-12-22",
    "bio": "Родной город - Ленинград;\r\n\r\nОсновал Yellow Submarine и собрал состав, который впоследствии стал Team Spirit;\r\n\r\nЗона ответственности: результаты команды, организация тренировочного процесса, оптимизация коммуникации внутри коллектива, скаутинг",
    "is_active": true
  }
},
{
  "model": "core.player",
  "pk": 10,
  "fields": {
    "nickname": "Dklana",
    "first_name": "Руслана",
    "last_name": "Берест",
    "discipline": 1,
    "role": 6,
    "photo": "players/dklana.webp",
    "country": "Россия",
    "birth_date": "2000-07-11",
    "join_date": "2016-01-01",
    "bio": "Родной город - Киев;\r\n\r\nОбязанности: коммуникация с ТО и студиями, документооборот, организация буткемпов и поездок на оффлайн-турниры, etc.",
    "is_active": true
  }
},
{
  "model": "core.player",
  "pk": 11,
  "fields": {
    "nickname": "Sikle",
    "first_name": "Марк",
    "last_name": "Лерман",
    "discipline": 1,
    "role": 7,
    "photo": "players/sikle.webp",
    "country": "Россия",
    "birth_date": "1994-05-06",
    "join_date": "2022-08-22",
    "bio": "",
    "is_active": true
  }
},
{
  "model": "core.player",
  "pk": 12,
  "fields": {
    "nickname": "Satanic",
    "first_name": "Алан",
    "last_name": "Галлямов",
    "discipline": 1,
    "role": 8,
    "photo": "players/satanic.webp",
    "country": "Россия",
    "birth_date": null,
    "join_date": "2021-01-01",
    "bio": "",
    "is_active": true
  }
},
{
  "model": "core.player",
  "pk": 13,
  "fields": {
    "nickname": "Donk",
    "first_name": "Даниил",
    "last_name": "Крышковец",
    "discipline": 2,
    "role": 9,
    "photo": "players/donk.webp",
    "country": "Россия",
    "birth_date": null,
    "join_date": "2026-05-04",
    "bio": "",
    "is_active": true
  }
},
{
  "model": "core.player",
  "pk": 14,
  "fields": {
    "nickname": "Magixxx",
    "first_name": "Борис",
    "last_name": "Воробьев",
    "discipline": 2,
    "role": 10,
    "photo": "players/magixx.webp",
    "country": "Россия",
    "birth_date": "2003-06-03",
    "join_date": "2019-09-22",
    "bio": "Любимое оружие - USP-S;\r\nЛюбимая карта - Nuke",
    "is_active": true
  }
},
{
  "model": "core.player",
  "pk": 15,
  "fields": {
    "nickname": "Sh1ro",
    "first_name": "Дмитрий",
    "last_name": "Соколов",
    "discipline": 2,
    "role": 11,
    "photo": "players/sh1ro.webp",
    "country": "Россия",
    "birth_date": null,
    "join_date": "2021-01-21",
    "bio": "",
    "is_active": true
  }
},
{
  "model": "core.player",
  "pk": 16,
  "fields": {
    "nickname": "Zont1x",
    "first_name": "Мирослав",
    "last_name": "Плахотя",
    "discipline": 2,
    "role": 9,
    "photo": "players/zontix.webp",
    "country": "Россия",
    "birth_date": null,
    "join_date": "2026-05-04",
    "bio": "",
    "is_active": true
  }
},
{
  "model": "core.player",
  "pk": 17,
  "fields": {
    "nickname": "Tn1r",
    "first_name": "Андрей",
    "last_name": "Татаринович",
    "discipline": 2,
    "role": 9,
    "photo": "players/tn1r.webp",
    "country": "Россия",
    "birth_date": null,
    "join_date": "2021-01-21",
    "bio": "",
    "is_active": true
  }
},
{
  "model": "core.player",
  "pk": 18,
  "fields": {
    "nickname": "Hally",
    "first_name": "Сергей",
    "last_name": "Шаваев",
    "discipline": 2,
    "role": 12,
    "photo": "players/hally.webp",
    "country": "Россия",
    "birth_date": "1993-07-06",
    "join_date": "2022-02-22",
    "bio": "",
    "is_active": true
  }
},
{
  "model": "core.player",
  "pk": 19,
  "fields": {
    "nickname": "Chopper",
    "first_name": "Леонид",
    "last_name": "Вишняков",
    "discipline": 2,
    "role": 8,
    "photo": "players/chopper.webp",
    "country": "Россия",
    "birth_date": "1997-02-04",
    "join_date": "2019-03-22",
    "bio": "Родной город - Курган;\r\nЛюбимое оружие - АК-47\r\nЛюбимая карта - Dust II",
    "is_active": true
  }
},
{
  "model": "core.player",
  "pk": 20,
  "fields": {
    "nickname": "Lo9d",
    "first_name": "Владислав",
    "last_name": "Дроздов",
    "discipline": 2,
    "role": 6,
    "photo": "players/lo9d.webp",
    "country": "Россия",
    "birth_date": "2000-12-14",
    "join_date": "2022-03-22",
    "bio": "",
    "is_active": true
  }
},
{
  "model": "core.player",
  "pk": 21,
  "fields": {
    "nickname": "S0tf1k",
    "first_name": "Дмитрий",
    "last_name": "Форостянко",
    "discipline": 4,
    "role": 13,
    "photo": "players/s0tf1k.webp",
    "country": "Россия",
    "birth_date": null,
    "join_date": "2021-01-21",
    "bio": "",
    "is_active": true
  }
},
{
  "model": "core.player",
  "pk": 22,
  "fields": {
    "nickname": "Kiryasoo",
    "first_name": "Кирилл",
    "last_name": "Соколов",
    "discipline": 4,
    "role": 11,
    "photo": "players/kiryasoo.webp",
    "country": "Россия",
    "birth_date": null,
    "join_date": "2021-01-21",
    "bio": "",
    "is_active": true
  }
},
{
  "model": "core.player",
  "pk": 23,
  "fields": {
    "nickname": "Soul3",
    "first_name": "Дмитрий",
    "last_name": "Бухтеев",
    "discipline": 4,
    "role": 6,
    "photo": "players/frame.webp",
    "country": "Россия",
    "birth_date": null,
    "join_date": "2021-01-21",
    "bio": "",
    "is_active": true
  }
},
{
  "model": "core.player",
  "pk": 24,
  "fields": {
    "nickname": "Sawo",
    "first_name": "Станислав",
    "last_name": "Решняк",
    "discipline": 5,
    "role": 14,
    "photo": "players/sawo.webp",
    "country": "Россия",
    "birth_date": null,
    "join_date": "2021-01-21",
    "bio": "",
    "is_active": true
  }
},
{
  "model": "core.player",
  "pk": 25,
  "fields": {
    "nickname": "Hiko",
    "first_name": "Антон",
    "last_name": "Пак",
    "discipline": 5,
    "role": 15,
    "photo": "players/hiko.webp",
    "country": "Россия",
    "birth_date": null,
    "join_date": "2021-01-21",
    "bio": "",
    "is_active": true
  }
},
{
  "model": "core.player",
  "pk": 26,
  "fields": {
    "nickname": "Sunset Lover",
    "first_name": "Кемиран",
    "last_name": "Кочкаров",
    "discipline": 5,
    "role": 16,
    "photo": "players/sunsetlover.webp",
    "country": "Россия",
    "birth_date": null,
    "join_date": "2021-01-21",
    "bio": "",
    "is_active": true
  }
},
{
  "model": "core.player",
  "pk": 27,
  "fields": {
    "nickname": "Kid Bomba",
    "first_name": "Матеос",
    "last_name": "Хатзилакос",
    "discipline": 5,
    "role": 17,
    "photo": "players/kidbomba.webp",
    "country": "Россия",
    "birth_date": null,
    "join_date": "2026-05-05",
    "bio": "",
    "is_active": true
  }
},
{
  "model": "core.player",
  "pk": 28,
  "fields": {
    "nickname": "Euphoria",
    "first_name": "Екатерина",
    "last_name": "Устинова",
    "discipline": 5,
    "role": 6,
    "photo": "players/euphoria.webp",
    "country": "Россия",
    "birth_date": null,
    "join_date": "2021-01-21",
    "bio": "",
    "is_active": true
  }
},
{
  "model": "core.player",
  "pk": 29,
  "fields": {
    "nickname": "Duhless",
    "first_name": "Даниил",
    "last_name": "Дубов",
    "discipline": 6,
    "role": 18,
    "photo": "players/dubov.webp",
    "country": "Россия",
    "birth_date": null,
    "join_date": "2021-01-21",
    "bio": "",
    "is_active": true
  }
},
{
  "model": "core.player",
  "pk": 30,
  "fields": {
    "nickname": "Konevlad",
    "first_name": "Владислав",
    "last_name": "Артемьев",
    "discipline": 6,
    "role": 18,
    "photo": "players/artemiev.webp",
    "country": "Россия",
    "birth_date": null,
    "join_date": "2021-01-21",
    "bio": "",
    "is_active": true
  }
},
{
  "model": "core.player",
  "pk": 31,
  "fields": {
    "nickname": "Silvername",
    "first_name": "Владислав",
    "last_name": "Синотов",
    "discipline": 7,
    "role": 19,
    "photo": "players/silvername.webp",
    "country": "Россия",
    "birth_date": null,
    "join_date": "2017-01-22",
    "bio": "Родной город - Тверь;\r\nИграет в HS с - 2015 года;\r\nЛюбимый формат - Поля сражений;\r\nЛюбимый старый архетип - Патрон воин;\r\nЛюбимый архетип - Контроль воин;",
    "is_active": true
  }
},
{
  "model": "core.player",
  "pk": 32,
  "fields": {
    "nickname": "Wycc",
    "first_name": "Максим",
    "last_name": "Козлов",
    "discipline": 7,
    "role": 20,
    "photo": "players/kozlov.webp",
    "country": "Россия",
    "birth_date": null,
    "join_date": "2017-12-22",
    "bio": "Родной город - Севастополь;\r\n\r\nЭкс-капитан и тренер Team Spirit PUBG;\r\nЛюбимые игры: PUBG, Arma 2, Battlefield 3;\r\nХобби: футбол, рестлинг, комиксы;",
    "is_active": true
  }
},
{
  "model": "core.player",
  "pk": 33,
  "fields": {
    "nickname": "Illidan",
    "first_name": "Илья",
    "last_name": "Пивцаев",
    "discipline": 7,
    "role": 20,
    "photo": "players/pivcaev.webp",
    "country": "Россия",
    "birth_date": null,
    "join_date": "2021-01-21",
    "bio": "",
    "is_active": true
  }
},
{
  "model": "core.player",
  "pk": 34,
  "fields": {
    "nickname": "Scl'koma",
    "first_name": "Камиль",
    "last_name": "Биктимиров",
    "discipline": 7,
    "role": null,
    "photo": "players/bictirov.webp",
    "country": "Россия",
    "birth_date": null,
    "join_date": "2021-01-21",
    "bio": "",
    "is_active": true
  }
},
{
  "model": "core.player",
  "pk": 35,
  "fields": {
    "nickname": "Art1st",
    "first_name": "Вячеслав",
    "last_name": "Ляднов",
    "discipline": 7,
    "role": 21,
    "photo": "players/lyadnov.webp",
    "country": "Россия",
    "birth_date": null,
    "join_date": "2021-01-21",
    "bio": "",
    "is_active": true
  }
},
{
  "model": "core.player",
  "pk": 36,
  "fields": {
    "nickname": "Nick",
    "first_name": "Никита",
    "last_name": "Глебов",
    "discipline": 7,
    "role": 21,
    "photo": "players/glebov.webp",
    "country": "Россия",
    "birth_date": null,
    "join_date": "2021-01-21",
    "bio": "",
    "is_active": true
  }
},
{
  "model": "core.player",
  "pk": 37,
  "fields": {
    "nickname": "Mr_Glaider",
    "first_name": "Александр",
    "last_name": "Никитин",
    "discipline": 7,
    "role": 6,
    "photo": "players/frame_FoWhabz.webp",
    "country": "Россия",
    "birth_date": null,
    "join_date": "2017-01-22",
    "bio": "Родной город - Тольятти;\r\nИграет в HS с технической альфы;\r\nЛюбимый формат - Поля сражений;\r\nЛюбимый архетип - Контроль прист;",
    "is_active": true
  }
},
{
  "model": "core.playersociallink",
  "pk": 1,
  "fields": {
    "player": 1,
    "platform": "vk",
    "url": "https://vk.com/yatoro_gxd",
    "username": ""
  }
},
{
  "model": "core.playersociallink",
  "pk": 2,
  "fields": {
    "player": 1,
    "platform": "twitch",
    "url": "https://twitch.tv/yatororain",
    "username": ""
  }
},
{
  "model": "core.playersociallink",
  "pk": 3,
  "fields": {
    "player": 1,
    "platform": "instagram",
    "url": "https://instagram.com/yatoro104",
    "username": ""
  }
},
{
  "model": "core.playersociallink",
  "pk": 4,
  "fields": {
    "player": 3,
    "platform": "twitter",
    "url": "https://twitter.com/Collapse1221",
    "username": ""
  }
},
{
  "model": "core.playersociallink",
  "pk": 5,
  "fields": {
    "player": 3,
    "platform": "vk",
    "url": "https://vk.com/tscollapse",
    "username": ""
  }
},
{
  "model": "core.playersociallink",
  "pk": 6,
  "fields": {
    "player": 3,
    "platform": "twitch",
    "url": "https://twitch.tv/collapse1221",
    "username": ""
  }
},
{
  "model": "core.playersociallink",
  "pk": 7,
  "fields": {
    "player": 8,
    "platform": "twitter",
    "url": "https://twitter.com/Silentdota2",
    "username": ""
  }
},
{
  "model": "core.playersociallink",
  "pk": 8,
  "fields": {
    "player": 8,
    "platform": "instagram",
    "url": "https://instagram.com/silentag_",
    "username": ""
  }
},
{
  "model": "core.playersociallink",
  "pk": 9,
  "fields": {
    "player": 8,
    "platform": "vk",
    "url": "https://vk.com/silent_dota2",
    "username": ""
  }
},
{
  "model": "core.playersociallink",
  "pk": 10,
  "fields": {
    "player": 9,
    "platform": "vk",
    "url": "https://vk.com/itsrealkorb3n",
    "username": ""
  }
},
{
  "model": "core.playersociallink",
  "pk": 11,
  "fields": {
    "player": 9,
    "platform": "twitter",
    "url": "https://twitter.com/korb3n",
    "username": ""
  }
},
{
  "model": "core.playersociallink",
  "pk": 12,
  "fields": {
    "player": 9,
    "platform": "twitch",
    "url": "https://twitch.tv/korb3n",
    "username": ""
  }
},
{
  "model": "core.playersociallink",
  "pk": 13,
  "fields": {
    "player": 10,
    "platform": "twitter",
    "url": "https://twitter.com/DKLana",
    "username": ""
  }
},
{
  "model": "core.playersociallink",
  "pk": 14,
  "fields": {
    "player": 10,
    "platform": "instagram",
    "url": "https://instagram.com/dklana",
    "username": ""
  }
},
{
  "model": "core.playersociallink",
  "pk": 15,
  "fields": {
    "player": 11,
    "platform": "telegram",
    "url": "https://telegram.org/sikleqq",
    "username": ""
  }
},
{
  "model": "core.playersociallink",
  "pk": 16,
  "fields": {
    "player": 11,
    "platform": "twitch",
    "url": "https://twitch.tv/sikle",
    "username": ""
  }
},
{
  "model": "core.playersociallink",
  "pk": 17,
  "fields": {
    "player": 11,
    "platform": "vk",
    "url": "https://vk.com/id83160062",
    "username": ""
  }
},
{
  "model": "core.playersociallink",
  "pk": 18,
  "fields": {
    "player": 11,
    "platform": "instagram",
    "url": "https://instagram.com/siklelouch",
    "username": ""
  }
},
{
  "model": "core.playersociallink",
  "pk": 19,
  "fields": {
    "player": 5,
    "platform": "twitter",
    "url": "https://twitter.com/miposhka",
    "username": ""
  }
},
{
  "model": "core.playersociallink",
  "pk": 20,
  "fields": {
    "player": 5,
    "platform": "instagram",
    "url": "https://instagram.com/miposhqa",
    "username": ""
  }
},
{
  "model": "core.playersociallink",
  "pk": 21,
  "fields": {
    "player": 5,
    "platform": "vk",
    "url": "https://vk.com/miposhkapage",
    "username": ""
  }
},
{
  "model": "core.playersociallink",
  "pk": 22,
  "fields": {
    "player": 5,
    "platform": "twitch",
    "url": "https://twitch.tv/mipooshka",
    "username": ""
  }
},
{
  "model": "core.playersociallink",
  "pk": 23,
  "fields": {
    "player": 13,
    "platform": "twitch",
    "url": "https://twitch.tv/donk1221",
    "username": ""
  }
},
{
  "model": "core.playersociallink",
  "pk": 24,
  "fields": {
    "player": 13,
    "platform": "twitter",
    "url": "https://twitter.com/donk1337",
    "username": ""
  }
},
{
  "model": "core.playersociallink",
  "pk": 25,
  "fields": {
    "player": 14,
    "platform": "vk",
    "url": "https://vk.com/magixx",
    "username": ""
  }
},
{
  "model": "core.playersociallink",
  "pk": 26,
  "fields": {
    "player": 14,
    "platform": "instagram",
    "url": "https://instagram.com/magixx300",
    "username": ""
  }
},
{
  "model": "core.playersociallink",
  "pk": 27,
  "fields": {
    "player": 14,
    "platform": "twitch",
    "url": "https://twitch.tv/magixx718",
    "username": ""
  }
},
{
  "model": "core.playersociallink",
  "pk": 28,
  "fields": {
    "player": 14,
    "platform": "twitter",
    "url": "https://twitter.com/magixx772",
    "username": ""
  }
},
{
  "model": "core.playersociallink",
  "pk": 29,
  "fields": {
    "player": 16,
    "platform": "vk",
    "url": "https://vk.com/zont1xoff",
    "username": ""
  }
},
{
  "model": "core.playersociallink",
  "pk": 30,
  "fields": {
    "player": 16,
    "platform": "twitch",
    "url": "https://twitch.tv/zont1xm",
    "username": ""
  }
},
{
  "model": "core.playersociallink",
  "pk": 31,
  "fields": {
    "player": 16,
    "platform": "instagram",
    "url": "https://instagram.com/zont1xm",
    "username": ""
  }
},
{
  "model": "core.playersociallink",
  "pk": 32,
  "fields": {
    "player": 16,
    "platform": "twitter",
    "url": "https://twitter.com/zont1xM",
    "username": ""
  }
},
{
  "model": "core.playersociallink",
  "pk": 33,
  "fields": {
    "player": 19,
    "platform": "instagram",
    "url": "https://instagram.com/chopp427",
    "username": ""
  }
},
{
  "model": "core.playersociallink",
  "pk": 34,
  "fields": {
    "player": 19,
    "platform": "twitter",
    "url": "https://twitter.com/chopperis",
    "username": ""
  }
},
{
  "model": "core.playersociallink",
  "pk": 35,
  "fields": {
    "player": 19,
    "platform": "twitch",
    "url": "https://twitch.tv/chopperinho",
    "username": ""
  }
},
{
  "model": "core.playersociallink",
  "pk": 36,
  "fields": {
    "player": 21,
    "platform": "twitter",
    "url": "https://twitter.com/dimasotf",
    "username": ""
  }
},
{
  "model": "core.playersociallink",
  "pk": 37,
  "fields": {
    "player": 21,
    "platform": "vk",
    "url": "https://vk.com/sotfclub",
    "username": ""
  }
},
{
  "model": "core.playersociallink",
  "pk": 38,
  "fields": {
    "player": 21,
    "platform": "twitch",
    "url": "https://twitch.tv/s0tf1k",
    "username": ""
  }
},
{
  "model": "core.playersociallink",
  "pk": 39,
  "fields": {
    "player": 31,
    "platform": "twitch",
    "url": "https://twitch.tv/silvername",
    "username": ""
  }
},
{
  "model": "core.playersociallink",
  "pk": 40,
  "fields": {
    "player": 31,
    "platform": "instagram",
    "url": "https://instagram.com/silvernamehs",
    "username": ""
  }
},
{
  "model": "core.playersociallink",
  "pk": 41,
  "fields": {
    "player": 31,
    "platform": "vk",
    "url": "https://vk.com/silvernamehs",
    "username": ""
  }
},
{
  "model": "core.playersociallink",
  "pk": 42,
  "fields": {
    "player": 31,
    "platform": "twitter",
    "url": "https://twitter.com/SilverNameHS",
    "username": ""
  }
},
{
  "model": "core.playersociallink",
  "pk": 43,
  "fields": {
    "player": 31,
    "platform": "youtube",
    "url": "https://youtube.com/channel/UCqQrewSyOB-64dnwnL3FuCQ",
    "username": ""
  }
},
{
  "model": "core.playersociallink",
  "pk": 44,
  "fields": {
    "player": 37,
    "platform": "instagram",
    "url": "https://instagram.com/mr.glaider",
    "username": ""
  }
},
{
  "model": "core.playersociallink",
  "pk": 45,
  "fields": {
    "player": 37,
    "platform": "twitter",
    "url": "https://twitter.com/Mr_GlaideR",
    "username": ""
  }
},
{
  "model": "core.achievement",
  "pk": 1,
  "fields": {
    "title": "The International 2021",
    "discipline": 1,
    "place": 1,
    "prize_pool": "40018195.00",
    "prize_won": "18208300.00",
    "date": "2021-10-17",
    "image": "achievements/i_2.webp",
    "description": "Главный турнир года по Dota 2. Team Spirit сенсационно выиграли TI10, победив PSG.LGD в гранд-финале 3:2 и став одной из самых молодых чемпионских команд в истории."
  }
},
{
  "model": "core.achievement",
  "pk": 2,
  "fields": {
    "title": "The International 2023",
    "discipline": 1,
    "place": 1,
    "prize_pool": "3000000.00",
    "prize_won": "1521362.00",
    "date": "2023-10-29",
    "image": "achievements/maxresdefault.jpg",
    "description": "Team Spirit стали двукратными чемпионами The International, разгромив Gaimin Gladiators 3:0 в финале."
  }
},
{
  "model": "core.achievement",
  "pk": 3,
  "fields": {
    "title": "Riyadh Masters 2023",
    "discipline": 1,
    "place": 1,
    "prize_pool": "15000000.00",
    "prize_won": "5000000.00",
    "date": "2023-07-30",
    "image": "achievements/RIYADH-gamers8-dota.jpg",
    "description": "Один из самых крупных коммерческих турниров в истории Dota 2. Team Spirit уверенно прошли плей-офф и победили Gaimin Gladiators."
  }
},
{
  "model": "core.achievement",
  "pk": 4,
  "fields": {
    "title": "Esports World Cup 2025",
    "discipline": 1,
    "place": 1,
    "prize_pool": "5000000.00",
    "prize_won": "1000000.00",
    "date": "2025-07-07",
    "image": "achievements/i_3.webp",
    "description": "Один из крупнейших мультидисциплинарных ивентов. Team Spirit выиграли финал со счётом 3:0."
  }
},
{
  "model": "core.achievement",
  "pk": 5,
  "fields": {
    "title": "DreamLeague Season 25",
    "discipline": 1,
    "place": 1,
    "prize_pool": "1000000.00",
    "prize_won": "250000.00",
    "date": "2025-03-26",
    "image": "achievements/maxresdefault_1.jpg",
    "description": "Онлайн-турнир высокого уровня, где Team Spirit показали стабильную форму и выиграли финал со счётом 3:2."
  }
},
{
  "model": "core.match",
  "pk": 9,
  "fields": {
    "discipline": 1,
    "tournament": "PGL Wallachia Season 8",
    "opponent": "Team Falcons",
    "opponent_logo": "opponents/falcon.webp",
    "date": "2026-04-24T11:00:00Z",
    "status": "finished",
    "score_team": 0,
    "score_opponent": 2,
    "stream_url": "",
    "vod_url": ""
  }
},
{
  "model": "core.match",
  "pk": 10,
  "fields": {
    "discipline": 1,
    "tournament": "PGL Wallachia Season 8",
    "opponent": "BetBoom Team",
    "opponent_logo": "opponents/bb.webp",
    "date": "2026-04-23T16:20:00Z",
    "status": "finished",
    "score_team": 0,
    "score_opponent": 2,
    "stream_url": "",
    "vod_url": ""
  }
},
{
  "model": "core.match",
  "pk": 11,
  "fields": {
    "discipline": 1,
    "tournament": "PGL Wallachia Season 8",
    "opponent": "Xtreme Gaming",
    "opponent_logo": "opponents/xtreme.webp",
    "date": "2026-04-22T13:50:00Z",
    "status": "finished",
    "score_team": 2,
    "score_opponent": 0,
    "stream_url": "",
    "vod_url": ""
  }
},
{
  "model": "core.match",
  "pk": 12,
  "fields": {
    "discipline": 1,
    "tournament": "PGL Wallachia Season 8",
    "opponent": "Natus Vincere",
    "opponent_logo": "opponents/navi.webp",
    "date": "2026-04-21T07:10:00Z",
    "status": "finished",
    "score_team": 2,
    "score_opponent": 1,
    "stream_url": "",
    "vod_url": ""
  }
},
{
  "model": "core.match",
  "pk": 13,
  "fields": {
    "discipline": 1,
    "tournament": "PGL Wallachia Season 8",
    "opponent": "GamerLegion",
    "opponent_logo": "opponents/gL.webp",
    "date": "2026-04-20T07:10:00Z",
    "status": "finished",
    "score_team": 0,
    "score_opponent": 2,
    "stream_url": "",
    "vod_url": ""
  }
},
{
  "model": "core.match",
  "pk": 14,
  "fields": {
    "discipline": 1,
    "tournament": "PGL Wallachia Season 8",
    "opponent": "Team Falcons",
    "opponent_logo": "opponents/falcon_29pKXqR.webp",
    "date": "2026-04-19T12:40:00Z",
    "status": "finished",
    "score_team": 1,
    "score_opponent": 2,
    "stream_url": "",
    "vod_url": ""
  }
},
{
  "model": "core.match",
  "pk": 15,
  "fields": {
    "discipline": 1,
    "tournament": "PGL Wallachia Season 8",
    "opponent": "Vici Gaming",
    "opponent_logo": "opponents/vici.webp",
    "date": "2026-04-18T07:10:00Z",
    "status": "finished",
    "score_team": 2,
    "score_opponent": 1,
    "stream_url": "",
    "vod_url": ""
  }
},
{
  "model": "core.match",
  "pk": 16,
  "fields": {
    "discipline": 1,
    "tournament": "PREMIER SERIES",
    "opponent": "GamerLegion",
    "opponent_logo": "opponents/gL_gWGkrHL.webp",
    "date": "2026-04-09T08:10:00Z",
    "status": "finished",
    "score_team": 1,
    "score_opponent": 2,
    "stream_url": "",
    "vod_url": ""
  }
},
{
  "model": "core.match",
  "pk": 17,
  "fields": {
    "discipline": 1,
    "tournament": "PREMIER SERIES",
    "opponent": "Nigma Galaxy",
    "opponent_logo": "",
    "date": "2026-04-08T11:10:00Z",
    "status": "finished",
    "score_team": 1,
    "score_opponent": 2,
    "stream_url": "",
    "vod_url": ""
  }
},
{
  "model": "core.news",
  "pk": 9,
  "fields": {
    "title": "Team Spirit уверенно обыграли NAVI на групповом этапе",
    "slug": "spirit-vs-navi-group-2026",
    "category": "result",
    "discipline": 2,
    "image": "news/photo1.jpeg",
    "excerpt": "Team Spirit уверенно начали турнир, обыграв NAVI без особых проблем.",
    "content": "Team Spirit одержали уверенную победу над NAVI в рамках группового этапа турнира.\r\n\r\nКоллектив с первых раундов захватил инициативу и не позволил сопернику навязать свою игру. Особенно уверенно команда выглядела на карте Mirage, где полностью контролировала экономику противника.\r\n\r\nЭта победа укрепила позиции Team Spirit в группе и повысила шансы на выход в плей-офф.",
    "is_featured": false,
    "is_published": true,
    "views": 1,
    "created_at": "2026-05-06T00:29:25.345Z",
    "updated_at": "2026-05-06T00:29:25.345Z"
  }
},
{
  "model": "core.news",
  "pk": 10,
  "fields": {
    "title": "Yatoro стал MVP матча против Team Liquid",
    "slug": "yatoro-mvp-liquid-2026",
    "category": "result",
    "discipline": 1,
    "image": "news/photo2.jpeg",
    "excerpt": "Керри Team Spirit показал выдающуюся игру и стал MVP встречи.",
    "content": "Игрок Team Spirit Yatoro продемонстрировал блестящую игру в матче против Team Liquid.\r\n\r\nОн закончил встречу с впечатляющим KDA и стал ключевым фактором победы своей команды. Его грамотные перемещения по карте и участие в командных драках позволили Spirit доминировать на протяжении всей игры.\r\n\r\nЭксперты отметили высокий уровень индивидуальной формы игрока.",
    "is_featured": false,
    "is_published": true,
    "views": 2,
    "created_at": "2026-05-06T00:30:31.903Z",
    "updated_at": "2026-05-06T00:30:31.903Z"
  }
},
{
  "model": "core.news",
  "pk": 11,
  "fields": {
    "title": "Team Spirit проиграли G2 в упорной борьбе",
    "slug": "spirit-vs-g2-loss-2026",
    "category": "result",
    "discipline": 2,
    "image": "news/photo3.jpeg",
    "excerpt": "Матч завершился поражением Team Spirit после напряжённой серии.",
    "content": "Team Spirit уступили G2 в напряжённом матче, который длился три карты.\r\n\r\nНесмотря на хорошее начало, команда не смогла удержать преимущество во второй половине встречи. Несколько ошибок в ключевых раундах стоили коллективу победы.\r\n\r\nТренерский штаб отметил, что команда сделает выводы перед следующими играми.",
    "is_featured": false,
    "is_published": true,
    "views": 0,
    "created_at": "2026-05-06T00:31:54.591Z",
    "updated_at": "2026-05-06T00:31:54.591Z"
  }
},
{
  "model": "core.news",
  "pk": 12,
  "fields": {
    "title": "Miposhka рассказал о подготовке к турниру",
    "slug": "miposhka-preparation-2026",
    "category": "interview",
    "discipline": 1,
    "image": "news/photo4.jpeg",
    "excerpt": "Капитан Team Spirit поделился деталями тренировочного процесса.",
    "content": "Капитан Team Spirit Miposhka рассказал о подготовке команды к ближайшему турниру.\r\n\r\nПо его словам, коллектив активно работает над стратегиями и анализирует соперников. Особое внимание уделяется командной синергии и коммуникации.\r\n\r\nОн также отметил, что команда находится в хорошей форме и готова бороться за высокие места.",
    "is_featured": false,
    "is_published": true,
    "views": 3,
    "created_at": "2026-05-06T00:33:09.195Z",
    "updated_at": "2026-05-06T00:33:09.195Z"
  }
},
{
  "model": "core.news",
  "pk": 13,
  "fields": {
    "title": "Team Spirit анонсировали участие в новом турнире",
    "slug": "spirit-new-tournament-announce",
    "category": "announcement",
    "discipline": 2,
    "image": "news/photo5.jpeg",
    "excerpt": "Команда подтвердила участие в международном турнире.",
    "content": "Team Spirit официально подтвердили участие в новом международном турнире по CS2.\r\n\r\nСоревнование соберёт сильнейшие команды мира и станет важной проверкой формы для коллектива. Подготовка к турниру уже началась.\r\n\r\nФанаты ожидают уверенного выступления команды.",
    "is_featured": false,
    "is_published": true,
    "views": 0,
    "created_at": "2026-05-06T00:34:16.151Z",
    "updated_at": "2026-05-06T00:34:16.151Z"
  }
},
{
  "model": "core.news",
  "pk": 14,
  "fields": {
    "title": "Collapse вернулся к тренировкам с командой",
    "slug": "collapse-return-2026",
    "category": "roster",
    "discipline": 1,
    "image": "news/frame.webp",
    "excerpt": "Игрок Team Spirit вновь присоединился к тренировочному процессу.",
    "content": "Игрок Team Spirit Collapse вернулся к тренировкам после временного отсутствия.\r\n\r\nПо информации команды, он уже участвует в спаррингах и постепенно набирает форму. Его возвращение должно усилить состав перед важными матчами.\r\n\r\nФанаты положительно отреагировали на эту новость.",
    "is_featured": false,
    "is_published": true,
    "views": 1,
    "created_at": "2026-05-06T00:35:36.969Z",
    "updated_at": "2026-05-06T00:35:36.969Z"
  }
},
{
  "model": "core.news",
  "pk": 15,
  "fields": {
    "title": "Team Spirit вышли в плей-офф турнира",
    "slug": "spirit-playoff-2026",
    "category": "result",
    "discipline": 2,
    "image": "news/photo7.jpeg",
    "excerpt": "Команда успешно прошла групповой этап.",
    "content": "Team Spirit обеспечили себе выход в плей-офф турнира, заняв высокое место в группе.\r\n\r\nКоманда продемонстрировала стабильную игру и уверенно справилась с большинством соперников.\r\n\r\nСледующий этап станет серьёзным испытанием для коллектива.",
    "is_featured": false,
    "is_published": true,
    "views": 4,
    "created_at": "2026-05-06T00:36:42.009Z",
    "updated_at": "2026-05-06T00:36:42.009Z"
  }
},
{
  "model": "core.news",
  "pk": 16,
  "fields": {
    "title": "Yatoro рассказал о мете в новом патче",
    "slug": "yatoro-meta-2026",
    "category": "interview",
    "discipline": 1,
    "image": "news/photo8.jpeg",
    "excerpt": "Игрок поделился мнением о текущем состоянии игры.",
    "content": "Yatoro рассказал о текущей мете в Dota 2 после выхода нового патча.\r\n\r\nПо его словам, игра стала более динамичной, а выбор героев сильно влияет на исход матчей. Он отметил важность гибкости стратегии.\r\n\r\nИгрок также подчеркнул, что команды продолжают адаптироваться к изменениям.",
    "is_featured": false,
    "is_published": true,
    "views": 2,
    "created_at": "2026-05-06T00:37:50.517Z",
    "updated_at": "2026-05-06T00:37:50.517Z"
  }
},
{
  "model": "core.news",
  "pk": 17,
  "fields": {
    "title": "Team Spirit проиграли решающий матч группы",
    "slug": "spirit-group-loss-2026",
    "category": "result",
    "discipline": 2,
    "image": "news/photo9.jpeg",
    "excerpt": "Команда не смогла выйти с первого места в группе.",
    "content": "Team Spirit уступили в решающем матче группового этапа.\r\n\r\nНесмотря на уверенную игру в начале, команда допустила ряд ошибок в концовке. Это не позволило занять первое место в группе.\r\n\r\nКоллектив продолжит выступление в плей-офф с более сложной сеткой.",
    "is_featured": false,
    "is_published": true,
    "views": 1,
    "created_at": "2026-05-06T00:38:59.126Z",
    "updated_at": "2026-05-06T00:38:59.126Z"
  }
},
{
  "model": "core.news",
  "pk": 18,
  "fields": {
    "title": "Team Spirit обновили тренировочный процесс",
    "slug": "spirit-training-update-2026",
    "category": "other",
    "discipline": 1,
    "image": "news/photo10.jpeg",
    "excerpt": "Команда внедрила новые методы подготовки.",
    "content": "Team Spirit сообщили об обновлении тренировочного процесса.\r\n\r\nТеперь команда уделяет больше внимания аналитике и разбору соперников. Также были внедрены новые подходы к командной коммуникации.\r\n\r\nПо словам менеджмента, это должно положительно сказаться на результатах.",
    "is_featured": false,
    "is_published": true,
    "views": 2,
    "created_at": "2026-05-06T00:39:56.464Z",
    "updated_at": "2026-05-06T00:41:11.673Z"
  }
},
{
  "model": "core.partner",
  "pk": 5,
  "fields": {
    "name": "Secretlab",
    "tier": "technical",
    "logo": "partners/secretlab_j5uD0D9.png",
    "website": "https://secretlab.co",
    "description": "",
    "order": 1,
    "is_active": true
  }
},
{
  "model": "core.partner",
  "pk": 6,
  "fields": {
    "name": "BetBoom",
    "tier": "title",
    "logo": "partners/betboom.jpg",
    "website": "https://betboom.ru/",
    "description": "Российская букмекерская компания, основанная в 2011 году.",
    "order": 1,
    "is_active": true
  }
},
{
  "model": "core.partner",
  "pk": 7,
  "fields": {
    "name": "Nike",
    "tier": "title",
    "logo": "partners/nike.webp",
    "website": "https://www.nike.com/",
    "description": "Американская транснациональная компания, специализирующаяся на спортивной одежде и обуви.",
    "order": 2,
    "is_active": true
  }
},
{
  "model": "core.partner",
  "pk": 8,
  "fields": {
    "name": "Red Bull",
    "tier": "title",
    "logo": "partners/redbull.jpg",
    "website": "https://www.redbull.com/ee-et",
    "description": "Австрийская транснациональная компания, производитель энергетических напитков",
    "order": 3,
    "is_active": true
  }
},
{
  "model": "core.partner",
  "pk": 9,
  "fields": {
    "name": "SecretLab",
    "tier": "title",
    "logo": "partners/secretlab.png",
    "website": "https://secretlab.eu/",
    "description": "Cингапурская мебельная компания, основанная Яном Ангом и Алариком Чу в 2014 году",
    "order": 4,
    "is_active": true
  }
},
{
  "model": "core.partner",
  "pk": 10,
  "fields": {
    "name": "BetBoom",
    "tier": "main",
    "logo": "partners/betboom_9FW3V1m.jpg",
    "website": "https://betboom.ru/",
    "description": "",
    "order": 1,
    "is_active": true
  }
},
{
  "model": "core.partner",
  "pk": 11,
  "fields": {
    "name": "Parimatch",
    "tier": "main",
    "logo": "partners/Parimatch.png",
    "website": "https://pari.ru/",
    "description": "Международная букмекерская компания, работающая в Европе.",
    "order": 2,
    "is_active": true
  }
},
{
  "model": "core.partner",
  "pk": 12,
  "fields": {
    "name": "Yandex Eats",
    "tier": "main",
    "logo": "partners/yandexeat.webp",
    "website": "https://eda.yandex.ru/",
    "description": "Cервис заказа быстрой доставки еды из ресторанов и продуктов из магазинов через мобильные приложения или веб-сайт.",
    "order": 3,
    "is_active": true
  }
},
{
  "model": "core.partner",
  "pk": 13,
  "fields": {
    "name": "Bitget",
    "tier": "main",
    "logo": "partners/Bitget-Wallet.jpg",
    "website": "https://www.bitget.com/ru",
    "description": "Централизованная криптовалютная биржа.",
    "order": 4,
    "is_active": true
  }
},
{
  "model": "core.partner",
  "pk": 14,
  "fields": {
    "name": "JetTravel",
    "tier": "official",
    "logo": "partners/jettravel.jpg",
    "website": "https://www.jettravel.ru/",
    "description": "",
    "order": 1,
    "is_active": true
  }
},
{
  "model": "core.partner",
  "pk": 15,
  "fields": {
    "name": "InScope Consulting",
    "tier": "official",
    "logo": "partners/inscope_logo3copy.webp",
    "website": "https://www.inscopegroup.com/",
    "description": "",
    "order": 2,
    "is_active": true
  }
},
{
  "model": "core.partner",
  "pk": 16,
  "fields": {
    "name": "ASUS ROG",
    "tier": "technical",
    "logo": "partners/maxresdefault_2.jpg",
    "website": "https://rog.asus.com/",
    "description": "",
    "order": 2,
    "is_active": true
  }
},
{
  "model": "core.teaminfo",
  "pk": 1,
  "fields": {
    "about": "Team Spirit — российская киберспортивная организация, основанная в 2015 году.\r\n\r\nГлавным достижением команды является победа на The International 2021 — крупнейшем турнире по Dota 2 с призовым фондом более $40 миллионов. Эта историческая победа сделала Team Spirit одной из самых узнаваемых киберспортивных организаций в мире.\r\n\r\nTeam Spirit представлен в нескольких ведущих киберспортивных дисциплинах и продолжает развиваться, привлекая талантливых игроков со всего мира.",
    "founded_year": 2015,
    "headquarters": "Белград, Сербия",
    "total_earnings": "20000000.00",
    "logo": "",
    "banner": "team/preview.webp",
    "twitter": "https://twitter.com/Team__Spirit",
    "instagram": "https://instagram.com/team__spirit",
    "youtube": "https://youtube.com/channel/UCSyKkR1BFlJ1915TqXHkclQ",
    "twitch": "https://twitch.tv/team_spirit",
    "vk": "https://vk.com/team_spirit",
    "telegram": "https://t.me/Team_Spirit_Official",
    "contact_email": "km@teamspirit.gg"
  }
}
]
